Variable,N_Total,N_Outliers,Pct_Outliers,Lower_Bound,Upper_Bound,Min_Outlier,Max_Outlier
age,9172,4,0.04361098996947231,-9.5,114.5,455.0,65526.0
TSH,8330,884,10.612244897959183,-2.9000000000000004,6.0600000000000005,6.1,530.0
T3,6568,360,5.481120584652863,0.30000000000000027,3.4999999999999996,0.05,18.0
TT4,8730,422,4.833906071019474,28.5,184.5,2.0,600.0
T4U,8363,420,5.0221212483558535,0.5525,1.3724999999999998,0.17,2.33
FTI,8370,501,5.985663082437275,40.5,180.5,1.4,881.0
TBG,349,29,8.30945558739255,6.0,46.0,0.1,200.0
