,count,missing_count,missing_pct,mean,median,std,min,25%,50%,75%,max
age,9172.0,0,0.0,73.55582206716092,55.0,1183.976718044466,1.0,37.0,55.0,68.0,65526.0
TSH,8330.0,842,9.18,5.218402753781513,1.4,24.184006144749688,0.005,0.46,1.4,2.7,530.0
T3,6568.0,2604,28.39,1.970628805724726,1.9,0.8875788237425202,0.05,1.5,1.9,2.3,18.0
TT4,8730.0,442,4.82,108.70030469644902,104.0,37.52267036706589,2.0,87.0,104.0,126.0,600.0
T4U,8363.0,809,8.82,0.9760557216309935,0.96,0.20036044118054983,0.17,0.86,0.96,1.065,2.33
FTI,8370.0,802,8.74,113.64074551935484,109.0,41.551649606978955,1.4,93.0,109.0,128.0,881.0
TBG,349.0,8823,96.19,29.87005729512894,26.0,21.08050386018955,0.1,21.0,26.0,31.0,200.0
